Reviewer Name,Review Date,Review Content
******960,2 weeks ago,"Dear seller, the thermos cup is a good design..sleek and slender..i like to keep super hot drinks in it..but i hate the plastic cap since its not healthy..but still, its so convenient to take off the plastic lid and cover with the steel cup instead..also suits my husband's sports bottle needs..Thank you..Good dayğŸ¥°ğŸ¥°ğŸ¥°"
Abdrazakjb,14 Feb 2025,"I received 1 day late after the due date. Received with the box not in good quality of deliverance. Portable Perfect for travel and outdoor activities, to carry in any condition."
Shahanira N.,14 Feb 2025,"ğŸ§µMaterial:biasa
 ğŸ¨Design:simple
 ğŸ”‹Capacity:not try again time hot water"
Yan X.,1 week ago,Perfect for travel and outdoor activities
****5,02 Jan 2025,"ğŸ¨Design:nice
 ğŸ§µMaterial:ok
 ğŸ”‹Capacity:goodConvenient and portable, Easy to clean, Sleek and stylish design,"
******960,2 weeks ago,"Dear seller, the thermos cup is a good design..sleek and slender..i like to keep super hot drinks in it..but i hate the plastic cap since its not healthy..but still, its so convenient to take off the plastic lid and cover with the steel cup instead..also suits my husband's sports bottle needs..Thank you..Good dayğŸ¥°ğŸ¥°ğŸ¥°"
Abdrazakjb,14 Feb 2025,"I received 1 day late after the due date. Received with the box not in good quality of deliverance. Portable Perfect for travel and outdoor activities, to carry in any condition."
Shahanira N.,14 Feb 2025,"ğŸ§µMaterial:biasa
 ğŸ¨Design:simple
 ğŸ”‹Capacity:not try again time hot water"
Yan X.,1 week ago,Perfect for travel and outdoor activities
****5,02 Jan 2025,"ğŸ¨Design:nice
 ğŸ§µMaterial:ok
 ğŸ”‹Capacity:goodConvenient and portable, Easy to clean, Sleek and stylish design,"
******960,2 weeks ago,"Dear seller, the thermos cup is a good design..sleek and slender..i like to keep super hot drinks in it..but i hate the plastic cap since its not healthy..but still, its so convenient to take off the plastic lid and cover with the steel cup instead..also suits my husband's sports bottle needs..Thank you..Good dayğŸ¥°ğŸ¥°ğŸ¥°"
Abdrazakjb,14 Feb 2025,"I received 1 day late after the due date. Received with the box not in good quality of deliverance. Portable Perfect for travel and outdoor activities, to carry in any condition."
Shahanira N.,14 Feb 2025,"ğŸ§µMaterial:biasa
 ğŸ¨Design:simple
 ğŸ”‹Capacity:not try again time hot water"
Yan X.,1 week ago,Perfect for travel and outdoor activities
****5,02 Jan 2025,"ğŸ¨Design:nice
 ğŸ§µMaterial:ok
 ğŸ”‹Capacity:goodConvenient and portable, Easy to clean, Sleek and stylish design,"
******960,2 weeks ago,"Dear seller, the thermos cup is a good design..sleek and slender..i like to keep super hot drinks in it..but i hate the plastic cap since its not healthy..but still, its so convenient to take off the plastic lid and cover with the steel cup instead..also suits my husband's sports bottle needs..Thank you..Good dayğŸ¥°ğŸ¥°ğŸ¥°"
Abdrazakjb,14 Feb 2025,"I received 1 day late after the due date. Received with the box not in good quality of deliverance. Portable Perfect for travel and outdoor activities, to carry in any condition."
Shahanira N.,14 Feb 2025,"ğŸ§µMaterial:biasa
 ğŸ¨Design:simple
 ğŸ”‹Capacity:not try again time hot water"
Yan X.,1 week ago,Perfect for travel and outdoor activities
****5,02 Jan 2025,"ğŸ¨Design:nice
 ğŸ§µMaterial:ok
 ğŸ”‹Capacity:goodConvenient and portable, Easy to clean, Sleek and stylish design,"
******960,2 weeks ago,"Dear seller, the thermos cup is a good design..sleek and slender..i like to keep super hot drinks in it..but i hate the plastic cap since its not healthy..but still, its so convenient to take off the plastic lid and cover with the steel cup instead..also suits my husband's sports bottle needs..Thank you..Good dayğŸ¥°ğŸ¥°ğŸ¥°"
Abdrazakjb,14 Feb 2025,"I received 1 day late after the due date. Received with the box not in good quality of deliverance. Portable Perfect for travel and outdoor activities, to carry in any condition."
Shahanira N.,14 Feb 2025,"ğŸ§µMaterial:biasa
 ğŸ¨Design:simple
 ğŸ”‹Capacity:not try again time hot water"
Yan X.,1 week ago,Perfect for travel and outdoor activities
****5,02 Jan 2025,"ğŸ¨Design:nice
 ğŸ§µMaterial:ok
 ğŸ”‹Capacity:goodConvenient and portable, Easy to clean, Sleek and stylish design,"
